"uID","time","title","rating"
"1616991419067","4134","배트맨 대 슈퍼맨: 저스티스의 시작 (2016)","dislike"
"1616991419067","1813","디재스터 아티스트 (2017)","skip"
"1616991419067","947","공각 기동대: 고스트 인 더 쉘 (2017)","skip"
"1616991419067","935","앤트맨과 와스프 (2018)","like"
"1616991419067","1260","태그 (2018)","skip"
"1616991419067","1412","범블비 (2018)","skip"
"1616991419067","1512","드래곤 길들이기 3: 히든월드 (2019)","skip"
"1616991419067","1168","해피 데스데이 (2017)","skip"
"1616991419067","924","온워드: 단 하루의 기적 (2020)","skip"
"1616991419067","1282","매그니피센트 7 (2016)","skip"
"1616991419067","1416","보스 베이비 (2017)","skip"
"1616991419067","1061","라이언 킹 (2019)","like"
"1616991419067","1207","크리드 2 (2018)","skip"
"1616991419067","1684","존 윅 3: 파라벨룸 (2019)","skip"
"1616991419067","1076","모아나 (2016)","like"
"1616991419067","2910","배드 타임즈: 엘 로얄에서 생긴 일 (2018)","skip"
"1616991419067","1214","워크래프트: 전쟁의 서막 (2016)","skip"
"1616991419067","1791","스타트랙 비욘드 (2016)","like"
"1616991419067","1121","커뮤터 (2018)","skip"
"1616991419067","833","언컷 젬스 (2019)","skip"
"1616991419067","1074","한 솔로: 스타워즈 스토리 (2018)","skip"
"1616991419067","1226","로스트 인 더스트 (2016)","skip"
"1616991419067","1307","스파이더맨: 뉴 유니버스 (2018)","skip"
"1616991419067","834","닥터 스트레인지 (2016)","like"
"1616991419067","1224","배드 맘스 (2016)","skip"
"1616991419067","1209","샤잠! (2019)","skip"
"1616991419067","999","버드 박스 (2018)","skip"
"1616991419067","1943","머더 미스터리 (2019)","skip"
"1616991419067","1067","옥자 (2017)","skip"
"1616991419067","1232","스파이더맨: 파 프롬 홈 (2019)","like"
"1616991419067","2032","퍼스트맨 (2018)","skip"
"1616991419067","1035","저스티스 리그 (2017)","skip"
"1616991419067","1483","인디펜던스 데이: 리써전스 (2016)","skip"
"1616991419067","1224","캡틴 아메리카: 시빌 워 (2016)","dislike"
"1616991419067","1717","좀비랜드: 더블 탭 (2019)","dislike"
"1616991419067","1191","캡틴 판타스틱 (2016)","skip"
"1616991419067","942","레전드 오브 타잔 (2016)","skip"
"1616991419067","1001","더 넌 (2018)","skip"
"1616991419067","1349","유전 (2018)","skip"
"1616991419067","809","녹터널 애니멀스 (2016)","skip"
"1616991419067","1275","조조 래빗 (2019)","skip"
"1616991419067","824","어쌔신 크리드 (2016)","skip"
"1616991419067","1476","신비한 동물사전 (2016)","like"
"1616991419067","1182","Zootopia (2016)","like"
"1616991419067","3009","에일리언: 커버넌트 (2017)","skip"
"1616991419067","1217","너브 (2016)","skip"
"1616991419067","1240","테넷 (2020)","skip"
"1616991419067","1033","서치 (2018)","like"
"1616991419067","1392","가디언즈 오브 갤럭시 Vol. 2 (2017)","like"
"1616991419067","1276","애드 아스트라 (2019)","skip"
"1616991419067","1633","설리: 허드슨 강의 기적 (2016)","skip"
"1616991419067","1190","그것: 두 번째 이야기 (2019)","skip"
"1616991419067","1676","빅 식 (2017)","skip"
"1616991419067","800","아이, 토냐 (2017)","skip"
"1616991419067","1750","레이디 버드 (2017)","like"
"1616991419067","1650","신비한 동물들과 그린델왈드의 범죄 (2018)","skip"
"1616991419067","1974","원스 어폰 어 타임... 인 할리우드 (2019)","skip"
"1616991419067","3028","오 마이 그랜파 (2016)","dislike"
"1616991419067","1189","핵소 고지 (2016)","skip"
"1616991419067","6124","라라랜드 (2016)","like"
"1616991419067","3625","뮬란 (2020)","skip"
"1616991419067","1024","1917 (2019)","skip"
"1616991419067","1134","런던 해즈 폴른 (2016)","skip"
"1616991419067","799","레드 스패로 (2018)","skip"
"1616991419067","1334","월요일이 사라졌다 (2017)","skip"
"1616991419067","958","발레리안: 천 개 행성의 도시 (2017)","skip"
"1616991419067","825","쓰리 빌보드 (2017)","skip"
"1616991419067","808","13 시간 (2016)","skip"
"1616991419067","1218","브라이트 (2017)","skip"
"1616992324287","6082","에일리언: 커버넌트 (2017)","skip"
"1616992324287","7350","스파이더맨: 홈커밍 (2017)","skip"
"1616992324287","8949","고스트버스터즈 (2016)","skip"
"1616992324287","9860","어쌔신 크리드 (2016)","skip"
"1616992324287","11041","애나벨: 인형의 주인 (2017)","skip"
"1616992324287","12561","터미네이터: 다크 페이트 (2019)","skip"
"1616992324287","14364","헤일, 시저! (2016)","skip"
"1616992324287","15531","당갈 (2016)","skip"
"1616992324287","18270","라이프 (2017)","like"
"1616992324287","2873","어벤저스: 엔드게임 (2019)","skip"
"1616992324287","1278","미션 임파서블: 폴아웃 (2018)","skip"
"1616992324287","2152","킹스맨: 골든 서클 (2017)","like"
"1616992324287","1077","그린 북 (2018)","like"
"1616992324287","1286","브라이트 (2017)","skip"
"1616992324287","3065","몰리스 게임 (2017)","skip"
"1616992324287","1385","오 마이 그랜파 (2016)","skip"
"1616992324287","3001","디재스터 아티스트 (2017)","skip"
"1616992324287","1936","쥬만지: 새로운 세계 (2017)","skip"
"1616992324287","1744","예스터데이 (2019)","skip"
"1616992324287","1226","킬러의 보디가드 (2017)","skip"
"1616992324287","2330","6 언더그라운드 (2019)","like"
"1616992324287","1517","잭 리쳐: 네버 고 백 (2016)","skip"
"1616992324287","1578","파운더 (2016)","skip"
"1616992324287","1089","워크래프트: 전쟁의 서막 (2016)","skip"
"1616992324287","1177","아쿠아맨 (2018)","skip"
"1616992324287","919","쿵푸팬더 3 (2016)","skip"
"1616992324287","3258","애드 아스트라 (2019)","skip"
"1616992324287","1742","포드 v 페라리 (2019)","skip"
"1616992324287","2723","더 포스트 (2017)","skip"
"1616992324287","1362","할로윈 (2018)","skip"
"1616992324287","1344","보헤미안 랩소디 (2018)","like"
"1616992324287","1209","카우보이의 노래 (2018)","skip"
"1616992324287","3500","미이라 (2017)","like"
"1616992324287","1739","킬링 디어 (2017)","like"
"1616992324287","2554","인페르노 (2016)","skip"
"1616992324287","1125","어메이징 메리(2017)","skip"
"1616992324287","1066","씽 (2016)","skip"
"1616992324287","1290","레디 플레이어 원 (2018)","like"
"1616992324287","7554","토이 스토리 4 (2019)","dislike"
"1616992324287","1338","글래스 (2019)","skip"
"1616992324287","1000","머더 미스터리 (2019)","skip"
"1616992324287","1499","컨택트 (2016)","like"
"1616992324287","2190","샤잠! (2019)","skip"
"1616992324287","1589","어스 (2019)","like"
"1616992324287","1998","아이리시맨 (2019)","skip"
"1616992324287","1121","쉘로우 (2016)","skip"
"1616992324287","1098","원더 우먼 1984 (2020)","skip"
"1616992324287","952","존 윅 3: 파라벨룸 (2019)","skip"
"1616992324287","1009","나쁜 녀석들: 포에버 (2020)","skip"
"1616992324287","1634","엑스맨: 다크 피닉스 (2019)","skip"
"1616992324287","1210","브레이킹 배드 무비: 엘 카미노 (2019)","skip"
"1616992324287","934","닥터 슬립 (2019)","skip"
"1616992324287","1851","캐리비안의 해적: 죽은 자는 말이 없다 (2017)","like"
"1616992324287","3554","원더 우먼 (2017)","dislike"
"1616992324287","1697","커뮤터 (2018)","skip"
"1616992324287","1025","허쉬 (2016)","skip"
"1616992324287","3435","얼라이드 (2016)","skip"
"1616992324287","1027","로건 럭키 (2017)","skip"
"1616992324287","1240","패신저스 (2016)","skip"
"1616992324287","1938","나이브스 아웃 (2019)","skip"
"1616992324287","1288","나우 유 씨 미 2 (2016)","like"
"1616992324287","4824","쥬만지: 넥스트 레벨 (2019)","skip"
"1616992324287","1110","베놈 (2018)","skip"
"1616992324287","1209","인디펜던스 데이: 리써전스 (2016)","skip"
"1616992324287","1539","유전 (2018)","skip"
"1616992324287","1346","매그니피센트 7 (2016)","skip"
"1616992324287","1865","시카리오: 데이 오브 솔다도 (2018)","skip"
"1616992324287","1312","아이, 토냐 (2017)","skip"
"1616992324287","1779","그레이트 월 (2016)","skip"
"1616992324287","2348","어벤저스: 인피니티 워 (2018)","like"
"1616992499915","1294","작은 아씨들 (2019)","like"
"1616992499915","3516","크레이지 리치 아시안 (2018)","skip"
"1616992499915","1407","얼라이드 (2016)","skip"
"1616992499915","1509","브라이트 (2017)","skip"
"1616992499915","1170","보스 베이비 (2017)","like"
"1616992499915","2086","로켓맨 (2019)","skip"
"1616992499915","1217","올드 가드 (2020)","skip"
"1616992499915","968","퍼스트맨 (2018)","skip"
"1616992499915","1151","존 윅: 리로드 (2017)","skip"
"1616992499915","1134","맨 인 블랙: 인터내셔널 (2019)","skip"
"1616992499915","1130","쿵푸팬더 3 (2016)","skip"
"1616992499915","1707","토르: 라그나로크 (2017)","skip"
"1616992499915","1034","마이펫의 이중생활 (2016)","skip"
"1616992499915","1361","나이브스 아웃 (2019)","skip"
"1616992499915","1245","소울 (2020)","like"
"1616992499915","1445","글래스 (2019)","skip"
"1616992499915","1498","쥬만지: 넥스트 레벨 (2019)","skip"
"1616992499915","2379","젠틀멘 (2019)","skip"
"1616992499915","968","제5침공 (2016)","skip"
"1616992499915","860","좀비랜드: 더블 탭 (2019)","skip"
"1616992499915","833","로건 (2017)","skip"
"1616992499915","753","맨체스터 바이 더 씨 (2016)","skip"
"1616992499915","1034","나우 유 씨 미 2 (2016)","skip"
"1616992499915","1068","할로윈 (2018)","skip"
"1616992499915","1092","브레이킹 배드 무비: 엘 카미노 (2019)","skip"
"1616992499915","926","로스트 인 더스트 (2016)","skip"
"1616992499915","993","카우보이의 노래 (2018)","skip"
"1616992499915","1135","주먹왕 랄프 2: 인터넷 속으로 (2018)","skip"
"1616992499915","850","인디펜던스 데이: 리써전스 (2016)","skip"
"1616992499915","1016","더 넌 (2018)","skip"
"1616992499915","790","클로버필드 10번지 (2016)","skip"
"1616992499915","674","드래곤 길들이기 3: 히든월드 (2019)","skip"
"1616992499915","813","클라우스 (2019)","skip"
"1616992499915","888","미스 페레그린과 이상한 아이들의 집 (2016)","skip"
"1616992499915","9470","지랄발광 17세 (2016)","like"
"1616992499915","3380","스위스 아미 맨 (2016)","skip"
"1616992499915","1355","쉘로우 (2016)","skip"
"1616992499915","3103","아이리시맨 (2019)","skip"
"1616992499915","3913","덩케르크 (2017)","skip"
"1616992499915","1103","옥자 (2017)","like"
"1616992499915","3597","어벤저스: 인피니티 워 (2018)","skip"
"1616992499915","1105","분노의 질주: 더 익스트림 (2017)","skip"
"1616992499915","1035","어카운턴트 (2016)","skip"
"1616992499915","1618","퍼시픽 림: 업라이징 (2018)","skip"
"1616992499915","1251","보랏 2 (2020)","skip"
"1616992499915","1495","블랙클랜스맨 (2018)","skip"
"1616992499915","1858","나쁜 이웃들 2 (2016)","skip"
"1616992499915","1299","어메이징 메리(2017)","skip"
"1616992499915","1804","램페이지 (2018)","skip"
"1616992499915","1153","레드 스패로 (2018)","like"
"1616992499915","796","태그 (2018)","skip"
"1616992499915","1015","사일런스 (2016)","skip"
"1616992499915","2697","레이디 버드 (2017)","dislike"
"1616992499915","1075","더 포스트 (2017)","skip"
"1616992499915","994","블랙 팬서 (2018)","like"
"1616992499915","1003","그린 북 (2018)","skip"
"1616992499915","2623","킬러의 보디가드 (2017)","skip"
"1616992499915","1024","커뮤터 (2018)","skip"
"1616992499915","1219","원더 우먼 (2017)","skip"
"1616992499915","2352","배드 맘스 (2016)","skip"
"1616992499915","1060","War Dogs (2016)","skip"
"1616992499915","792","잃어버린 세계: 쥬라기 공원 (2018)","skip"
"1616992499915","1401","코코 (2017)","skip"
"1616992499915","1177","그것 (2017)","skip"
"1616992499915","1585","런던 해즈 폴른 (2016)","skip"
"1616992499915","1810","토이 스토리 4 (2019)","like"
"1616992499915","1318","어쌔신 크리드 (2016)","skip"
"1616992499915","809","게임 나이트 (2018)","skip"
"1616992499915","701","메가로돈 (2018)","skip"
"1616992499915","1494","오션스 8 (2018)","skip"
"1616993842748","7360","브라이트 (2017)","skip"
"1616993842748","12282","조커 (2019)","skip"
"1616993842748","13496","클라우스 (2019)","skip"
"1616993842748","16027","씽 (2016)","skip"
"1616993842748","17248","인크레더블 2 (2018)","like"
"1616993842748","1782","더 포스트 (2017)","skip"
"1616993842748","2243","알리타: 배틀 엔젤 (2019)","skip"
"1616993892966","4017","발레리안: 천 개 행성의 도시 (2017)","skip"
"1616993892966","6821","베이비 드라이버 (2017)","skip"
"1616993892966","9023","컨져링 2 (2016)","skip"
"1616993892966","10542","라이언 킹 (2019)","like"
"1616993892966","3452","배트맨 대 슈퍼맨: 저스티스의 시작 (2016)","skip"
"1616993892966","3364","소울 (2020)","skip"
"1616993892966","1074","아이, 토냐 (2017)","skip"
"1616993892966","5558","미션 임파서블: 폴아웃 (2018)","skip"
"1616993892966","1343","좀비랜드: 더블 탭 (2019)","skip"
"1616993892966","952","크리드 2 (2018)","skip"
"1616993892966","1281","라이프 (2017)","skip"
"1616993892966","1002","문라이트 (2016)","skip"
"1616993892966","1608","범블비 (2018)","skip"
"1616993892966","3529","캡틴 마블 (2019)","like"
"1616993892966","1375","알라딘 (2019)","like"
"1616993892966","1068","나쁜 녀석들: 포에버 (2020)","skip"
"1616993892966","902","빅 식 (2017)","skip"
"1616993892966","1322","인디펜던스 데이: 리써전스 (2016)","skip"
"1616993892966","987","그것 (2017)","skip"
"1616993892966","1034","배드 타임즈: 엘 로얄에서 생긴 일 (2018)","skip"
"1616993892966","824","예스터데이 (2019)","skip"
"1616993892966","1299","혹성탈출: 종의 전쟁 (2017)","like"
"1616993892966","1010","언컷 젬스 (2019)","skip"
"1616993892966","1289","인페르노 (2016)","like"
"1616993892966","919","보랏 2 (2020)","skip"
"1616993892966","1155","서치 (2018)","like"
"1616993892966","974","정글북 (2016)","skip"
"1616993892966","1061","보스 베이비 (2017)","like"
"1616993892966","1240","결혼 이야기 (2019)","like"
"1616993892966","1542","블랙클랜스맨 (2018)","skip"
"1616993892966","1883","마더! (2017)","skip"
"1616993892966","1171","트라이얼 오브 더 시카고 7 (2020)","skip"
"1616993892966","1167","존 윅: 리로드 (2017)","skip"
"1616993892966","974","맨 인 더 다크 (2016)","skip"
"1616993892966","991","퍼스트맨 (2018)","skip"
"1616993892966","777","런던 해즈 폴른 (2016)","skip"
"1616993892966","910","존 윅 3: 파라벨룸 (2019)","skip"
"1616993892966","1140","램페이지 (2018)","skip"
"1616993892966","826","캡틴 판타스틱 (2016)","skip"
"1616993892966","1911","엑스맨: 다크 피닉스 (2019)","like"
"1616993892966","917","War Dogs (2016)","skip"
"1616993892966","1031","오 마이 그랜파 (2016)","skip"
"1616993892966","1426","인비저블맨 (2020)","skip"
"1616993892966","987","인크레더블 2 (2018)","like"
"1616993892966","1525","공각 기동대: 고스트 인 더 쉘 (2017)","skip"
"1616993892966","1692","아이리시맨 (2019)","skip"
"1616993892966","1760","트랜스포머: 최후의 기사 (2017)","skip"
"1616993892966","969","젠틀멘 (2019)","skip"
"1616993892966","916","베이워치 (2017)","skip"
"1616993892966","1377","설리: 허드슨 강의 기적 (2016)","like"
"1616993892966","933","애드 아스트라 (2019)","skip"
"1616993892966","1935","스플릿 (2016)","skip"
"1616993892966","1869","조커 (2019)","skip"
"1616993892966","841","센트럴 인텔리전스 (2016)","skip"
"1616993892966","2827","캐리비안의 해적: 죽은 자는 말이 없다 (2017)","skip"
"1616993892966","1401","더 포리너 (2017)","skip"
"1616993892966","3605","캡틴 아메리카: 시빌 워 (2016)","like"
"1616993892966","1795","머더 미스터리 (2019)","skip"
"1616993892966","832","부탁 하나만 들어줘 (2018)","skip"
"1616993892966","1742","다이버전트 시리즈: 얼리전트 (2016)","skip"
"1616993892966","1616","워크래프트: 전쟁의 서막 (2016)","skip"
"1616993892966","862","스위스 아미 맨 (2016)","skip"
"1616993892966","2149","사일런스 (2016)","skip"
"1616993892966","1377","레디 플레이어 원 (2018)","skip"
"1616993892966","1058","콜 미 바이 유어 네임 (2017)","skip"
"1616993892966","1900","마이펫의 이중생활 (2016)","skip"
"1616993892966","876","작은 아씨들 (2019)","skip"
"1616993892966","828","애나벨: 인형의 주인 (2017)","skip"
"1616993892966","860","라스트 미션 (2018)","skip"
"1616993892966","767","몰리스 게임 (2017)","skip"
"1616993892966","1555","나우 유 씨 미 2 (2016)","skip"
"1616993892966","921","신비한 동물사전 (2016)","like"
"1616993892966","851","닥터 슬립 (2019)","skip"
"1616993892966","2969","6 언더그라운드 (2019)","dislike"
"1616993892966","1358","너브 (2016)","skip"
"1616993892966","1359","퍼시픽 림: 업라이징 (2018)","skip"
"1616993892966","1277","트리플 프로티어 (2019)","skip"
"1616993892966","1794","어벤저스: 인피니티 워 (2018)","like"
"1616993892966","908","어카운턴트 (2016)","skip"
"1616993892966","1094","데드풀 2 (2018)","like"
"1616993892966","1149","모털 엔진 (2018)","skip"
"1616993892966","840","베놈 (2018)","like"
"1616993892966","1045","레이디 버드 (2017)","skip"
"1616993892966","1440","쿵푸팬더 3 (2016)","skip"
"1616993892966","726","명탐정 피카츄 (2019)","skip"
"1616993892966","1101","히든 피겨스 (2016)","like"
"1616993892966","1160","버드 박스 (2018)","skip"
"1616993892966","1922","얼라이드 (2016)","like"
"1616993892966","1038","익스트랙션 (2020)","skip"
"1616993892966","991","미 비포 유 (2016)","skip"
"1616994080151","3988","조조 래빗 (2019)","skip"
"1616994080151","11472","빅 식 (2017)","skip"
"1616994080151","15647","몰리스 게임 (2017)","skip"
"1616994080151","20183","알리타: 배틀 엔젤 (2019)","skip"
"1616994095594","8153","젠틀멘 (2019)","skip"
"1616994080151","25178","원더 우먼 (2017)","like"
"1616994095594","10788","시카리오: 데이 오브 솔다도 (2018)","skip"
"1616994095594","12758","어벤저스: 인피니티 워 (2018)","skip"
"1616994095594","13876","퍼스트맨 (2018)","skip"
"1616994080151","3910","지랄발광 17세 (2016)","skip"
"1616994095594","15176","어벤저스: 엔드게임 (2019)","skip"
"1616994095594","16293","아토믹 블론드 (2017)","skip"
"1616994095594","17485","오션스 8 (2018)","skip"
"1616994080151","4190","배드 타임즈: 엘 로얄에서 생긴 일 (2018)","skip"
"1616994095594","18925","월요일이 사라졌다 (2017)","skip"
"1616994095594","20152","아이, 토냐 (2017)","skip"
"1616994095594","22217","버즈 오브 프레이 (할리 퀸의 황홀한 해방) (2020)","skip"
"1616994095594","23484","캐리비안의 해적: 죽은 자는 말이 없다 (2017)","skip"
"1616994095594","24940","걸 온 더 트레인 (2016)","skip"
"1616994095594","26274","쉘로우 (2016)","skip"
"1616994095594","27518","부탁 하나만 들어줘 (2018)","skip"
"1616994095594","30051","파워레인져스: 더 비기닝 (2017)","skip"
"1616994095594","32058","덩케르크 (2017)","dislike"
"1616994095594","2259","테넷 (2020)","skip"
"1616994095594","1630","다크 타워: 희망의 탑 (2017)","skip"
"1616994095594","1152","작은 아씨들 (2019)","skip"
"1616994095594","1026","사일런스 (2016)","skip"
"1616994095594","1488","Tomb Raider (2018)","skip"
"1616994095594","1178","맨 인 블랙: 인터내셔널 (2019)","skip"
"1616994095594","891","정글북 (2016)","skip"
"1616994095594","1218","스파이더맨: 파 프롬 홈 (2019)","skip"
"1616994095594","898","인비저블맨 (2020)","skip"
"1616994095594","1349","주먹왕 랄프 2: 인터넷 속으로 (2018)","skip"
"1616994095594","1092","파운더 (2016)","skip"
"1616994095594","1349","라라랜드 (2016)","like"
"1616994095594","1926","혹성탈출: 종의 전쟁 (2017)","skip"
"1616994095594","1432","닥터 스트레인지 (2016)","skip"
"1616994095594","1792","옥자 (2017)","skip"
"1616994095594","1043","캡틴 마블 (2019)","skip"
"1616994095594","1257","너브 (2016)","skip"
"1616994095594","1375","다키스트 아워 (2017)","skip"
"1616994095594","1341","너는 여기에 없었다 (2017)","skip"
"1616994095594","1517","스타워즈: 라이즈 오브 스카이워커 (2019)","skip"
"1616994095594","1025","스파이더맨: 뉴 유니버스 (2018)","skip"
"1616994095594","1342","좀비랜드: 더블 탭 (2019)","skip"
"1616994095594","1465","개들의 섬 (2018)","skip"
"1616994095594","1095","제5침공 (2016)","skip"
"1616994095594","982","잭 리쳐: 네버 고 백 (2016)","skip"
"1616994095594","1624","헤일, 시저! (2016)","skip"
"1616994095594","901","보랏 2 (2020)","skip"
"1616994095594","873","조조 래빗 (2019)","skip"
"1616994095594","951","팬텀 스레드 (2017)","skip"
"1616994095594","959","나이스 가이즈 (2016)","skip"
"1616994095594","1608","보헤미안 랩소디 (2018)","skip"
"1616994095594","1543","배드 타임즈: 엘 로얄에서 생긴 일 (2018)","skip"
"1616994095594","1240","셰이프 오브 워터: 사랑의 모양 (2017)","skip"
"1616994095594","1298","허쉬 (2016)","skip"
"1616994095594","944","클라우스 (2019)","skip"
"1616994095594","914","아쿠아맨 (2018)","skip"
"1616994095594","711","할로윈 (2018)","skip"
"1616994163141","11264","당갈 (2016)","skip"
"1616994095594","1236","토이 스토리 4 (2019)","skip"
"1616994095594","1045","어메이징 메리(2017)","skip"
"1616994163141","13497","문라이트 (2016)","skip"
"1616994095594","1101","더 페이버릿: 여왕의 여자 (2018)","skip"
"1616994095594","1075","더 이퀄라이저 2 (2018)","skip"
"1616994163141","16319","모아나 (2016)","skip"
"1616994095594","1091","그레이트 월 (2016)","skip"
"1616994163141","18418","로건 (2017)","like"
"1616994095594","3274","더 넌 (2018)","like"
"1616994163141","2304","스파이더맨: 파 프롬 홈 (2019)","like"
"1616994095594","1792","베이워치 (2017)","skip"
"1616994163141","2345","인비저블맨 (2020)","like"
"1616994095594","1958","와이 힘? (2016)","skip"
"1616994163141","1627","맨체스터 바이 더 씨 (2016)","skip"
"1616994095594","1292","램페이지 (2018)","skip"
"1616994095594","1347","공각 기동대: 고스트 인 더 쉘 (2017)","skip"
"1616994095594","1217","아메리칸 메이드 (2017)","skip"
"1616994095594","1003","글래스 (2019)","skip"
"1616994163141","3830","인크레더블 2 (2018)","skip"
"1616994095594","1533","모털 엔진 (2018)","skip"
"1616994163141","1674","블랙클랜스맨 (2018)","skip"
"1616994095594","1624","한 솔로: 스타워즈 스토리 (2018)","skip"
"1616994163141","1405","마이펫의 이중생활 (2016)","skip"
"1616994163141","1166","드래곤 길들이기 3: 히든월드 (2019)","skip"
"1616994095594","1818","뮬란 (2020)","skip"
"1616994163141","1147","부탁 하나만 들어줘 (2018)","skip"
"1616994095594","1425","스카이스크래퍼 (2018)","skip"
"1616994163141","1434","인디펜던스 데이: 리써전스 (2016)","skip"
"1616994095594","1200","핵소 고지 (2016)","skip"
"1616994163141","1208","캡틴 마블 (2019)","like"
"1616994095594","1209","앤트맨과 와스프 (2018)","skip"
"1616994163141","1768","스타워즈: 라이즈 오브 스카이워커 (2019)","skip"
"1616994095594","1964","소시지 파티 (2016)","dislike"
"1616994095594","1290","얼라이드 (2016)","skip"
"1616994163141","2537","콰이어트 플레이스 (2018)","skip"
"1616994163141","1139","다키스트 아워 (2017)","skip"
"1616994095594","1869","서치 (2018)","skip"
"1616994163141","1321","주먹왕 랄프 2: 인터넷 속으로 (2018)","skip"
"1616994095594","2074","오 마이 그랜파 (2016)","skip"
"1616994163141","1073","카우보이의 노래 (2018)","skip"
"1616994163141","1218","시카리오: 데이 오브 솔다도 (2018)","skip"
"1616994095594","1643","모아나 (2016)","skip"
"1616994163141","1048","어카운턴트 (2016)","skip"
"1616994095594","1057","갓 오브 이집트 (2016)","skip"
"1616994163141","1422","어쌔신 크리드 (2016)","skip"
"1616994095594","1291","킹 아서: 제왕의 검 (2017)","skip"
"1616994163141","1068","빅 식 (2017)","skip"
"1616994095594","1168","바이스 (2018)","skip"
"1616994163141","1567","예스터데이 (2019)","skip"
"1616994095594","1849","스타 이즈 본 (2018)","skip"
"1616994163141","1964","닥터 슬립 (2019)","skip"
"1616994095594","1375","슈퍼배드 3 (2017)","skip"
"1616994163141","1484","제이슨 본 (2016)","skip"
"1616994095594","1550","브라이트 (2017)","skip"
"1616994163141","1108","마더! (2017)","skip"
"1616994095594","1249","라스트 미션 (2018)","skip"
"1616994163141","1044","보랏 2 (2020)","skip"
"1616994095594","1158","존 윅 3: 파라벨룸 (2019)","skip"
"1616994163141","987","클로버필드 10번지 (2016)","skip"
"1616994095594","1176","인디펜던스 데이: 리써전스 (2016)","skip"
"1616994163141","1561","오리엔트 특급 살인 (2017)","skip"
"1616994095594","1564","13 시간 (2016)","skip"
"1616994163141","1103","아이, 토냐 (2017)","skip"
"1616994095594","1652","드래곤 길들이기 3: 히든월드 (2019)","skip"
"1616994163141","1161","레디 오어 낫 (2019)","skip"
"1616994163141","1019","팬텀 스레드 (2017)","skip"
"1616994095594","2157","인크레더블 2 (2018)","skip"
"1616994163141","1298","파워레인져스: 더 비기닝 (2017)","skip"
"1616994163141","1224","좀비랜드: 더블 탭 (2019)","skip"
"1616994095594","1710","카우보이의 노래 (2018)","skip"
"1616994163141","1769","1917 (2019)","like"
"1616994163141","2763","메이즈 러너: 데스 큐어 (2018)","like"
"1616994163141","1683","Zootopia (2016)","like"
"1616994163141","2516","잭 리쳐: 네버 고 백 (2016)","skip"
"1616994163141","970","녹터널 애니멀스 (2016)","skip"
"1616994163141","1015","13 시간 (2016)","skip"
"1616994163141","1049","토르: 라그나로크 (2017)","like"
"1616994163141","1644","콜 미 바이 유어 네임 (2017)","skip"
"1616994163141","897","나쁜 이웃들 2 (2016)","skip"
"1616994163141","1278","존 윅: 리로드 (2017)","skip"
"1616994163141","1217","레고 배트맨 무비 (2017)","skip"
"1616994163141","1739","런던 해즈 폴른 (2016)","skip"
"1616994163141","1169","미스 페레그린과 이상한 아이들의 집 (2016)","skip"
"1616994163141","1297","더 프로미스 (2016)","skip"
"1616994163141","1003","갓 오브 이집트 (2016)","skip"
"1616994163141","1133","레이디 버드 (2017)","skip"
"1616994163141","1016","엑스맨: 아포칼립스 (2016)","like"
"1616994163141","1963","콩: 스컬 아일랜드 (2017)","skip"
"1616994163141","2249","퍼스트맨 (2018)","skip"
"1616994163141","1224","커뮤터 (2018)","skip"
"1616994163141","1923","스파이더맨: 뉴 유니버스 (2018)","dislike"
"1616994163141","1376","게임 나이트 (2018)","skip"
"1616994163141","1401","쿵푸팬더 3 (2016)","skip"
"1616994163141","1019","데드풀 (2016)","like"
"1616994163141","1600","6 언더그라운드 (2019)","skip"
"1616994163141","1257","Tomb Raider (2018)","skip"
"1616994163141","1376","작은 아씨들 (2019)","skip"
"1616994163141","1566","메가로돈 (2018)","skip"
"1616994163141","1973","로그 원: 스타워즈 스토리 (2016)","skip"
"1616994163141","1652","베놈 (2018)","like"
"1616994163141","1224","캡틴 아메리카: 시빌 워 (2016)","like"
"1616994163141","2025","더 포리너 (2017)","skip"
"1616994163141","1363","걸 온 더 트레인 (2016)","skip"
"1616994163141","1318","블레이드 러너 2049 (2017)","skip"
"1616994163141","1353","사일런스 (2016)","skip"
"1616994163141","1545","범블비 (2018)","skip"
"1616994163141","3121","다이버전트 시리즈: 얼리전트 (2016)","skip"
"1616994163141","1126","윈드 리버 (2017)","skip"
"1616994163141","1199","트라이얼 오브 더 시카고 7 (2020)","skip"
"1616994163141","984","배드 맘스 (2016)","skip"
"1616994163141","1292","고스트버스터즈 (2016)","skip"
"1616994163141","991","젠틀멘 (2019)","skip"
"1616994163141","865","더 넌 (2018)","skip"
"1616994163141","1168","미션 임파서블: 폴아웃 (2018)","skip"
"1616994163141","1435","로건 럭키 (2017)","skip"
"1616994163141","1082","워크래프트: 전쟁의 서막 (2016)","skip"
"1616994163141","1075","정글북 (2016)","skip"
"1616994163141","1006","결혼 이야기 (2019)","skip"
"1616994163141","915","소울 (2020)","skip"
"1616994163141","1057","더 프레데터 (2018)","skip"
"1616994163141","1065","할로윈 (2018)","skip"
"1616994163141","1169","라이언 킹 (2019)","skip"
"1616994163141","1150","라라랜드 (2016)","like"
"1616994163141","1700","라이언 (2016)","skip"
"1616997448790","8887","엑스맨: 아포칼립스 (2016)","skip"
"1616997448790","12987","오션스 8 (2018)","skip"
"1616997448790","14031","쿵푸팬더 3 (2016)","skip"
"1616997448790","14768","신비한 동물들과 그린델왈드의 범죄 (2018)","skip"
"1616997448790","15580","13 시간 (2016)","skip"
"1616997448790","16389","유전 (2018)","skip"
"1616997448790","17078","소울 (2020)","skip"
"1616997448790","17895","에일리언: 커버넌트 (2017)","skip"
"1616997448790","18595","콜 미 바이 유어 네임 (2017)","skip"
"1616997448790","19430","미스 페레그린과 이상한 아이들의 집 (2016)","skip"
"1616997448790","20154","데드풀 2 (2018)","skip"
"1616997448790","20877","당갈 (2016)","skip"
"1616997448790","21562","퍼스트맨 (2018)","skip"
"1616997448790","22247","존 윅 3: 파라벨룸 (2019)","skip"
"1616997448790","22995","인비저블맨 (2020)","skip"
"1616997448790","23790","런던 해즈 폴른 (2016)","skip"
"1616997448790","24599","샤잠! (2019)","skip"
"1616997448790","25365","가디언즈 오브 갤럭시 Vol. 2 (2017)","skip"
"1616997448790","26029","조커 (2019)","skip"
"1616997448790","26735","스타 이즈 본 (2018)","skip"
"1616997578055","3480","라이언 (2016)","skip"
"1616997578055","7807","결혼 이야기 (2019)","skip"
"1616997578055","11840","크리드 2 (2018)","skip"
"1616997614205","2428","쥬만지: 새로운 세계 (2017)","skip"
"1616997614205","3337","배트맨 대 슈퍼맨: 저스티스의 시작 (2016)","skip"
"1616997614205","4335","Zootopia (2016)","skip"
"1616997614205","5300","클라우스 (2019)","skip"
"1616997614205","6091","포드 v 페라리 (2019)","skip"
"1616997614205","7018","가디언즈 오브 갤럭시 Vol. 2 (2017)","skip"
"1616997614205","7824","블랙클랜스맨 (2018)","skip"
"1616997614205","8560","램페이지 (2018)","skip"
"1616997614205","9422","Tomb Raider (2018)","skip"
"1616997614205","10111","오 마이 그랜파 (2016)","skip"
"1616997614205","10953","조커 (2019)","skip"
"1616997614205","11679","1917 (2019)","skip"
"1616997614205","12483","콜 미 바이 유어 네임 (2017)","skip"
"1616997614205","13209","맨 인 더 다크 (2016)","skip"
"1616997614205","14041","사일런스 (2016)","skip"
"1616997614205","14805","로그 원: 스타워즈 스토리 (2016)","skip"
"1616997614205","15711","컨택트 (2016)","skip"
"1617003000992","10662","에일리언: 커버넌트 (2017)","like"
"1617003000992","6003","겨울왕국 2 (2019)","skip"
"1617003000992","4132","트라이얼 오브 더 시카고 7 (2020)","skip"
"1617003034824","8683","매그니피센트 7 (2016)","skip"
"1617003034824","11798","스파이더맨: 홈커밍 (2017)","skip"
"1617003053972","9287","드래곤 길들이기 3: 히든월드 (2019)","skip"
"1617003053972","13979","헤일, 시저! (2016)","skip"
"1617003072495","9632","버드 박스 (2018)","skip"
"1617003072495","12279","브레이킹 배드 무비: 엘 카미노 (2019)","skip"
"1617003118651","2312","디재스터 아티스트 (2017)","skip"
"1617003118651","3468","퍼스트맨 (2018)","skip"
"1617003129620","2587","토르: 라그나로크 (2017)","skip"
"1617003129620","3764","에일리언: 커버넌트 (2017)","skip"
"1617003218318","2241","캡틴 마블 (2019)","skip"
"1617003218318","3351","라이언 킹 (2019)","skip"
"1617003218318","4293","토이 스토리 4 (2019)","skip"
"1617003218318","5195","알리타: 배틀 엔젤 (2019)","skip"
"1617003218318","6442","캡틴 아메리카: 시빌 워 (2016)","skip"
"1617003218318","7341","저스티스 리그 (2017)","skip"
"1617003218318","8665","보스 베이비 (2017)","skip"
"1617003218318","9545","인비저블맨 (2020)","skip"
"1617003218318","10743","어쌔신 크리드 (2016)","skip"
"1617003240641","3662","분노의 질주: 더 익스트림 (2017)","skip"
"1617003240641","5843","소울 (2020)","like"
"1617003240641","2058","컨택트 (2016)","like"
"1617003269368","1497","보랏 2 (2020)","skip"
"1617003269368","2700","한 솔로: 스타워즈 스토리 (2018)","skip"
"1617003269368","3598","맨 인 블랙: 인터내셔널 (2019)","skip"
"1617003269368","4348","테넷 (2020)","skip"
"1617003269368","5221","서치 (2018)","skip"
"1617003269368","5984","글래스 (2019)","skip"
"1617003269368","6808","인크레더블 2 (2018)","skip"
"1617003269368","7551","잃어버린 세계: 쥬라기 공원 (2018)","skip"
"1617003269368","8376","캡틴 마블 (2019)","skip"
"1617003269368","9250","배드 맘스 (2016)","skip"
"1617003269368","10343","스파이더맨: 홈커밍 (2017)","skip"
"1617003269368","11043","마이펫의 이중생활 (2016)","skip"
"1617003269135","11401","블랙클랜스맨 (2018)","skip"
"1617003269368","11777","토이 스토리 4 (2019)","skip"
"1617003269368","12491","저스티스 리그 (2017)","skip"
"1617003269368","13345","바이스 (2018)","skip"
"1617003269368","14141","원더 우먼 (2017)","skip"
"1617003269135","15435","더 프로미스 (2016)","skip"
"1617003269368","15441","분노의 질주: 홉스 & 쇼 (2019)","skip"
"1617003269368","16221","너는 여기에 없었다 (2017)","skip"
"1617003269368","17154","맨 인 더 다크 (2016)","skip"
"1617003315573","4338","1917 (2019)","skip"
"1617003315573","6540","엑스맨: 아포칼립스 (2016)","skip"
"1617003315573","8468","맨체스터 바이 더 씨 (2016)","like"
"1617003315573","2233","더 포스트 (2017)","skip"
"1617003315573","3415","파운더 (2016)","like"
"1617003315573","2247","미 비포 유 (2016)","like"
"1617003315573","2771","레드 스패로 (2018)","skip"
"1617003315573","2648","고질라: 킹 오브 몬스터 (2019)","skip"
"1617003315573","2568","크레이지 리치 아시안 (2018)","skip"
"1617003315573","5319","미녀와 야수 (2017)","dislike"
"1617003315573","3156","허쉬 (2016)","skip"
"1617003315573","2273","그것 (2017)","skip"
"1617003315573","5536","정글북 (2016)","like"
"1617003315573","5203","패신저스 (2016)","skip"
"1617003315573","2530","스타워즈: 라이즈 오브 스카이워커 (2019)","like"
"1617003315573","1171","스파이더맨: 홈커밍 (2017)","skip"
"1617003315573","2143","로그 원: 스타워즈 스토리 (2016)","like"
"1617003315573","1676","런던 해즈 폴른 (2016)","skip"
"1617003315573","1705","소시지 파티 (2016)","skip"
"1617003315573","3052","디재스터 아티스트 (2017)","skip"
"1617003315573","1663","스타 이즈 본 (2018)","skip"
"1617003315573","1555","콩: 스컬 아일랜드 (2017)","skip"
"1617003315573","1916","옥자 (2017)","like"
"1617003315573","2574","혹성탈출: 종의 전쟁 (2017)","skip"
"1617003315573","1605","셰이프 오브 워터: 사랑의 모양 (2017)","skip"
"1617003315573","1321","버드 박스 (2018)","skip"
"1617003315573","2817","코코 (2017)","like"
"1617003315573","1698","나쁜 이웃들 2 (2016)","skip"
"1617003315573","1284","좀비랜드: 더블 탭 (2019)","skip"
"1617003315573","2485","로스트 인 더스트 (2016)","skip"
"1617003315573","1295","문라이트 (2016)","skip"
"1617003315573","1858","올드 가드 (2020)","skip"
"1617003315573","1395","맨 인 블랙: 인터내셔널 (2019)","skip"
"1617003315573","1334","존 윅 3: 파라벨룸 (2019)","skip"
"1617003315573","1279","헤일, 시저! (2016)","skip"
"1617003315573","1126","존 윅: 리로드 (2017)","skip"
"1617003315573","1988","커뮤터 (2018)","skip"
"1617003315573","1880","인디펜던스 데이: 리써전스 (2016)","skip"
"1617003315573","1764","오리엔트 특급 살인 (2017)","skip"
"1617003315573","1388","인크레더블 2 (2018)","skip"
"1617003315573","1186","레디 오어 낫 (2019)","skip"
"1617003315573","1933","킬러의 보디가드 (2017)","skip"
"1617003315573","1855","더 포리너 (2017)","skip"
"1617003315573","1028","더 프로미스 (2016)","skip"
"1617003315573","1405","해피 데스데이 (2017)","skip"
"1617003315573","2328","다크 타워: 희망의 탑 (2017)","skip"
"1617003315573","1299","당갈 (2016)","skip"
"1617003315573","2952","원더 (2017)","skip"
"1617003315573","1295","할로윈 (2018)","skip"
"1617003315573","2358","너는 여기에 없었다 (2017)","skip"
"1617003315573","1588","핵소 고지 (2016)","skip"
"1617003315573","1220","로켓맨 (2019)","skip"
"1617003315573","2842","더 페이버릿: 여왕의 여자 (2018)","skip"
"1617003315573","3452","고스트버스터즈 (2016)","skip"
"1617003315573","1319","빅 식 (2017)","skip"
"1617003315573","2603","킬링 디어 (2017)","skip"
"1617003315573","1562","인비저블맨 (2020)","skip"
"1617003315573","1272","분노의 질주: 홉스 & 쇼 (2019)","skip"
"1617003315573","3778","어스 (2019)","skip"
"1617003315573","3846","샤잠! (2019)","skip"
"1617003315573","1872","클라우스 (2019)","skip"
"1617003315573","1204","그것: 두 번째 이야기 (2019)","skip"
"1617003315573","3704","씽 (2016)","skip"
"1617003315573","1512","잃어버린 세계: 쥬라기 공원 (2018)","skip"
"1617003315573","2735","쿵푸팬더 3 (2016)","skip"
"1617003315573","1771","알리타: 배틀 엔젤 (2019)","skip"
"1617003315573","2572","사일런스 (2016)","skip"
"1617003315573","1534","맨 인 더 다크 (2016)","skip"
"1617003315573","2390","잭 리쳐: 네버 고 백 (2016)","skip"
"1617003315573","1705","트리플 프로티어 (2019)","skip"
"1617003315573","1146","윈드 리버 (2017)","skip"
"1617003315573","1913","로건 럭키 (2017)","skip"
"1617003315573","2826","몰리스 게임 (2017)","skip"
"1617003315573","1012","쉘로우 (2016)","skip"
"1617003315573","1020","게임 나이트 (2018)","skip"
"1617003315573","1140","메가로돈 (2018)","skip"
"1617003315573","2159","애나벨: 인형의 주인 (2017)","skip"
"1617003315573","1297","스위스 아미 맨 (2016)","skip"
"1617003315573","1121","나쁜 녀석들: 포에버 (2020)","skip"
"1617003315573","1011","미이라 (2017)","skip"
"1617003315573","1789","쥬만지: 새로운 세계 (2017)","skip"
"1617003315573","3788","콜 미 바이 유어 네임 (2017)","like"
"1617003315573","2791","모아나 (2016)","like"
"1617003315573","2140","작은 아씨들 (2019)","like"
"1617003315573","1813","아이리시맨 (2019)","skip"
"1617003315573","1362","라스트 미션 (2018)","skip"
"1617003315573","3193","예스터데이 (2019)","skip"
"1617003315573","1010","워크래프트: 전쟁의 서막 (2016)","skip"
"1617003315573","1372","베놈 (2018)","skip"
"1617003315573","1697","오션스 8 (2018)","skip"
